GEO_ID,S2406_C01_001E,S2406_C01_001M,S2406_C01_002E,S2406_C01_002M,S2406_C01_003E,S2406_C01_003M,S2406_C01_004E,S2406_C01_004M,S2406_C01_005E,S2406_C01_005M,S2406_C01_006E,S2406_C01_006M,S2406_C01_007E,S2406_C01_007M,S2406_C02_001E,S2406_C02_001M,S2406_C02_002E,S2406_C02_002M,S2406_C02_003E,S2406_C02_003M,S2406_C02_004E,S2406_C02_004M,S2406_C02_005E,S2406_C02_005M,S2406_C02_006E,S2406_C02_006M,S2406_C02_007E,S2406_C02_007M,S2406_C03_001M,S2406_C03_002E,S2406_C03_002M,S2406_C03_003E,S2406_C03_004E,S2406_C03_004M,S2406_C03_005E,S2406_C03_005M,S2406_C03_006E,S2406_C03_006M,S2406_C03_007E,S2406_C03_007M,S2406_C04_001E,S2406_C04_001M,S2406_C04_002E,S2406_C04_002M,S2406_C04_003E,S2406_C04_003M,S2406_C04_004E,S2406_C03_001E,S2406_C03_003M,S2406_C04_004M,S2406_C04_005E,S2406_C04_005M,S2406_C04_006E,S2406_C04_006M,S2406_C04_007E,S2406_C04_007M,S2406_C05_002E,S2406_C05_003M,S2406_C05_004E,S2406_C05_004M,S2406_C05_005E,S2406_C05_006E,S2406_C05_006M,S2406_C05_007E,S2406_C05_007M,S2406_C06_001E,S2406_C06_001M,S2406_C06_002E,S2406_C06_003M,S2406_C06_004E,S2406_C06_004M,S2406_C06_005E,S2406_C06_006M,S2406_C06_007M,S2406_C05_001E,S2406_C05_001M,S2406_C05_002M,S2406_C05_003E,S2406_C05_005M,S2406_C06_002M,S2406_C06_003E,S2406_C06_006E,S2406_C06_007E,S2406_C06_005M,NAME,S2406_C01_001MA,S2406_C01_001EA,S2406_C01_002EA,S2406_C01_002MA,S2406_C01_003MA,S2406_C01_003EA,S2406_C01_004MA,S2406_C01_004EA,S2406_C01_005MA,S2406_C01_005EA,S2406_C01_006MA,S2406_C01_006EA,S2406_C01_007EA,S2406_C01_007MA,S2406_C02_001MA,S2406_C02_001EA,S2406_C02_002EA,S2406_C02_002MA,S2406_C02_003MA,S2406_C02_003EA,S2406_C02_004MA,S2406_C02_004EA,S2406_C02_005MA,S2406_C02_005EA,S2406_C02_006EA,S2406_C02_006MA,S2406_C02_007EA,S2406_C02_007MA,S2406_C03_001MA,S2406_C03_002MA,S2406_C03_002EA,S2406_C03_003MA,S2406_C03_003EA,S2406_C03_004EA,S2406_C03_004MA,S2406_C03_005EA,S2406_C03_005MA,S2406_C03_006MA,S2406_C03_006EA,S2406_C03_007MA,S2406_C03_007EA,S2406_C04_001EA,S2406_C04_001MA,S2406_C04_002EA,S2406_C04_002MA,S2406_C04_003EA,S2406_C04_003MA,S2406_C04_004MA,S2406_C04_004EA,S2406_C03_001EA,S2406_C04_005MA,S2406_C04_005EA,S2406_C04_006MA,S2406_C04_006EA,S2406_C04_007EA,S2406_C04_007MA,S2406_C05_002EA,S2406_C05_002MA,S2406_C05_003MA,S2406_C05_004MA,S2406_C05_004EA,S2406_C05_005EA,S2406_C05_005MA,S2406_C05_006MA,S2406_C05_006EA,S2406_C05_007EA,S2406_C05_007MA,S2406_C06_001MA,S2406_C06_001EA,S2406_C06_002MA,S2406_C06_002EA,S2406_C06_003MA,S2406_C06_004MA,S2406_C06_004EA,S2406_C06_005EA,S2406_C06_005MA,S2406_C06_006MA,S2406_C06_007MA,S2406_C05_001EA,S2406_C05_001MA,S2406_C05_003EA,S2406_C06_003EA,S2406_C06_006EA,S2406_C06_007EA,state
0400000US01,2010934,16887,670367,12195,343189,9841,480083,10831,199764,7516,317531,9293,11.2,-888888888.0,69.2,0.5,52.5,1.0,67.9,1.3,78.0,1.0,75.0,1.6,88.9,1.1,-888888888,-888888888,0.2,4.1,0.4,1.2,2.5,0.4,2.9,0.6,1.0,0.3,-888888888,-888888888,6.5,0.3,11.9,0.6,6.9,0.7,4.1,2.6,0.3,0.5,1.3,0.4,1.5,0.3,-888888888,-888888888,26.7,0.9,11.7,0.8,8.9,6.1,0.7,-888888888,-888888888,5.5,0.3,4.8,0.7,3.7,0.5,12.0,0.4,-888888888,16.2,0.4,0.9,15.7,1.0,0.5,8.3,2.5,-888888888,1.2,Alabama,null,null,null,null,null,null,null,null,null,null,null,null,null,(X),null,null,null,null,null,null,null,null,null,null,null,null,(X),(X),null,null,null,null,null,null,null,null,null,null,null,(X),(X),null,null,null,null,null,null,null,null,null,null,null,null,null,(X),(X),null,null,null,null,null,null,null,null,null,(X),(X),null,null,null,null,null,null,null,null,null,null,(X),null,null,null,null,null,(X),01
0400000US02,352822,5552,126448,5363,57306,3954,86332,4943,44565,2765,38171,3505,8.3,-888888888.0,57.7,1.3,37.6,2.3,59.7,4.0,71.0,2.6,67.9,3.2,79.3,3.0,-888888888,-888888888,0.5,4.1,1.0,1.1,2.5,0.7,2.7,1.0,1.5,0.8,-888888888,-888888888,10.0,0.7,15.8,1.5,10.6,2.2,7.3,2.8,0.5,1.4,4.4,2.2,2.0,0.9,-888888888,-888888888,36.1,2.5,17.2,2.2,14.0,11.0,1.9,-888888888,-888888888,6.1,0.7,6.4,1.7,1.9,0.6,11.0,2.2,-888888888,23.5,1.2,2.1,20.8,2.3,1.1,7.7,6.2,-888888888,2.0,Alaska,null,null,null,null,null,null,null,null,null,null,null,null,null,(X),null,null,null,null,null,null,null,null,null,null,null,null,(X),(X),null,null,null,null,null,null,null,null,null,null,null,(X),(X),null,null,null,null,null,null,null,null,null,null,null,null,null,(X),(X),null,null,null,null,null,null,null,null,null,(X),(X),null,null,null,null,null,null,null,null,null,null,(X),null,null,null,null,null,(X),02
0400000US04,2791546,16636,980047,15191,562586,12334,725491,12592,262806,7927,260616,9320,12.1,-888888888.0,69.2,0.5,57.0,0.8,67.1,1.0,79.3,0.7,75.3,1.3,84.8,1.2,-888888888,-888888888,0.2,5.1,0.4,2.0,3.3,0.4,4.9,0.7,1.9,0.5,-888888888,-888888888,6.4,0.3,10.8,0.6,5.1,0.5,4.3,3.7,0.3,0.5,2.1,0.6,2.8,0.5,-888888888,-888888888,21.9,0.8,8.8,0.6,7.3,6.5,0.7,-888888888,-888888888,6.0,0.3,5.2,0.7,4.3,0.4,10.3,0.7,-888888888,14.7,0.3,0.6,17.1,0.9,0.4,8.6,4.0,-888888888,1.1,Arizona,null,null,null,null,null,null,null,null,null,null,null,null,null,(X),null,null,null,null,null,null,null,null,null,null,null,null,(X),(X),null,null,null,null,null,null,null,null,null,null,null,(X),(X),null,null,null,null,null,null,null,null,null,null,null,null,null,(X),(X),null,null,null,null,null,null,null,null,null,(X),(X),null,null,null,null,null,null,null,null,null,null,(X),null,null,null,null,null,(X),04
0400000US05,1241828,12352,396316,9537,212653,8157,296595,7794,129309,5530,206955,7729,8.7,-888888888.0,67.1,0.6,48.8,1.3,63.0,1.9,78.3,1.2,73.0,2.1,87.0,1.3,-888888888,-888888888,0.3,4.5,0.6,1.4,3.2,0.4,4.2,1.0,1.3,0.4,-888888888,-888888888,7.6,0.4,14.0,1.0,7.4,0.8,5.4,3.1,0.4,0.7,1.3,0.5,2.7,0.6,-888888888,-888888888,27.7,1.4,9.6,0.9,8.3,5.6,0.8,-888888888,-888888888,6.2,0.3,5.0,1.1,3.7,0.4,13.2,0.6,-888888888,16.0,0.5,1.2,18.0,1.3,0.5,10.3,3.4,-888888888,1.6,Arkansas,null,null,null,null,null,null,null,null,null,null,null,null,null,(X),null,null,null,null,null,null,null,null,null,null,null,null,(X),(X),null,null,null,null,null,null,null,null,null,null,null,(X),(X),null,null,null,null,null,null,null,null,null,null,null,null,null,(X),(X),null,null,null,null,null,null,null,null,null,(X),(X),null,null,null,null,null,null,null,null,null,null,(X),null,null,null,null,null,(X),05
0400000US06,17132696,40053,6317547,33171,3234916,32153,4094589,35194,1595941,22592,1889703,21950,11.0,-888888888.0,68.2,0.2,56.4,0.4,65.4,0.5,76.5,0.4,77.3,0.5,86.5,0.4,-888888888,-888888888,0.1,5.0,0.1,1.5,3.2,0.2,2.5,0.2,1.4,0.1,-888888888,-888888888,6.7,0.1,11.1,0.2,4.6,0.2,5.0,3.3,0.1,0.2,1.8,0.2,2.8,0.2,-888888888,-888888888,19.4,0.4,9.3,0.2,5.4,4.5,0.3,-888888888,-888888888,8.4,0.1,8.0,0.4,6.1,0.3,13.0,0.3,-888888888,13.5,0.2,0.3,16.4,0.3,0.2,12.1,4.9,-888888888,0.5,California,null,null,null,null,null,null,null,null,null,null,null,null,null,(X),null,null,null,null,null,null,null,null,null,null,null,null,(X),(X),null,null,null,null,null,null,null,null,null,null,null,(X),(X),null,null,null,null,null,null,null,null,null,null,null,null,null,(X),(X),null,null,null,null,null,null,null,null,null,(X),(X),null,null,null,null,null,null,null,null,null,null,(X),null,null,null,null,null,(X),06
0400000US08,2593798,15783,1040052,14541,462604,10768,617145,12960,237072,8030,236925,8222,11.3,-888888888.0,66.8,0.5,55.2,0.7,66.9,1.1,77.2,0.8,73.5,1.4,84.0,1.1,-888888888,-888888888,0.2,6.3,0.4,2.8,5.2,0.5,6.0,0.9,2.3,0.5,-888888888,-888888888,7.7,0.3,12.4,0.5,6.1,0.6,4.9,5.0,0.5,0.5,2.0,0.5,2.7,0.6,-888888888,-888888888,19.6,0.8,8.5,0.6,7.3,7.1,0.8,-888888888,-888888888,6.6,0.3,6.5,0.8,4.2,0.4,11.1,0.7,-888888888,13.8,0.3,0.5,14.9,1.0,0.4,9.3,3.9,-888888888,0.9,Colorado,null,null,null,null,null,null,null,null,null,null,null,null,null,(X),null,null,null,null,null,null,null,null,null,null,null,null,(X),(X),null,null,null,null,null,null,null,null,null,null,null,(X),(X),null,null,null,null,null,null,null,null,null,null,null,null,null,(X),(X),null,null,null,null,null,null,null,null,null,(X),(X),null,null,null,null,null,null,null,null,null,null,(X),null,null,null,null,null,(X),08
0400000US09,1771141,10471,715984,12921,332069,9415,420559,10397,132592,6564,169937,7081,10.2,-888888888.0,67.4,0.6,56.2,0.9,67.2,1.7,77.1,1.1,70.4,2.0,88.3,1.4,-888888888,-888888888,0.2,4.4,0.4,1.9,3.2,0.3,5.4,1.0,1.7,0.6,-888888888,-888888888,9.6,0.3,15.1,0.6,7.0,0.9,7.2,3.5,0.5,0.7,2.5,0.8,2.5,0.6,-888888888,-888888888,18.3,1.0,8.1,0.7,6.6,4.3,0.9,-888888888,-888888888,6.6,0.3,6.0,0.9,4.4,0.5,15.1,0.6,-888888888,13.0,0.4,0.8,14.6,1.1,0.4,9.2,3.2,-888888888,1.7,Connecticut,null,null,null,null,null,null,null,null,null,null,null,null,null,(X),null,null,null,null,null,null,null,null,null,null,null,null,(X),(X),null,null,null,null,null,null,null,null,null,null,null,(X),(X),null,null,null,null,null,null,null,null,null,null,null,null,null,(X),(X),null,null,null,null,null,null,null,null,null,(X),(X),null,null,null,null,null,null,null,null,null,null,(X),null,null,null,null,null,(X),09
0400000US10,430247,5961,165955,5578,83338,5238,103454,5079,33344,3191,44156,3348,12.5,-888888888.0,69.1,1.1,59.1,1.9,68.3,3.0,77.4,1.9,74.2,3.7,84.5,3.3,-888888888,-888888888,0.4,3.7,0.7,2.1,2.6,0.7,7.7,2.1,1.9,1.2,-888888888,-888888888,9.7,0.8,14.4,1.4,9.1,1.7,7.3,3.3,1.0,1.5,2.1,1.1,4.7,2.0,-888888888,-888888888,19.6,2.0,10.3,1.7,8.8,5.4,2.4,-888888888,-888888888,3.7,0.5,3.2,1.5,2.3,0.6,7.3,1.6,-888888888,14.2,0.9,1.2,15.2,2.0,0.6,5.2,3.5,-888888888,2.0,Delaware,null,null,null,null,null,null,null,null,null,null,null,null,null,(X),null,null,null,null,null,null,null,null,null,null,null,null,(X),(X),null,null,null,null,null,null,null,null,null,null,null,(X),(X),null,null,null,null,null,null,null,null,null,null,null,null,null,(X),(X),null,null,null,null,null,null,null,null,null,(X),(X),null,null,null,null,null,null,null,null,null,null,(X),null,null,null,null,null,(X),10
0400000US11,333111,4763,205674,5209,51533,3994,56549,4056,8761,1896,10594,1788,14.3,-888888888.0,48.9,1.5,39.0,1.8,71.3,3.5,59.8,3.5,54.2,9.4,67.9,7.0,-888888888,-888888888,0.4,3.1,0.6,1.0,1.1,0.7,6.4,4.9,0.9,1.0,-888888888,-888888888,19.3,1.0,23.7,1.3,9.4,2.2,15.9,2.4,0.6,2.5,11.5,6.5,6.8,4.5,-888888888,-888888888,30.0,2.8,21.0,2.5,17.2,14.5,5.2,-888888888,-888888888,4.4,0.6,4.1,1.4,2.2,0.9,10.7,4.6,-888888888,25.0,1.2,1.6,12.8,7.9,0.7,5.5,9.9,-888888888,6.9,District of Columbia,null,null,null,null,null,null,null,null,null,null,null,null,null,(X),null,null,null,null,null,null,null,null,null,null,null,null,(X),(X),null,null,null,null,null,null,null,null,null,null,null,(X),(X),null,null,null,null,null,null,null,null,null,null,null,null,null,(X),(X),null,null,null,null,null,null,null,null,null,(X),(X),null,null,null,null,null,null,null,null,null,null,(X),null,null,null,null,null,(X),11
0400000US12,8459990,34236,2840400,27495,1755834,28091,2332493,26889,768599,18651,762664,15916,13.0,-888888888.0,69.9,0.3,56.8,0.5,70.9,0.7,79.1,0.5,74.5,1.0,83.5,0.8,-888888888,-888888888,0.1,8.2,0.3,3.0,4.8,0.2,8.7,0.7,3.4,0.4,-888888888,-888888888,6.2,0.2,11.1,0.4,4.6,0.3,4.4,5.8,0.3,0.2,1.5,0.2,2.4,0.3,-888888888,-888888888,19.2,0.4,8.0,0.3,5.2,6.1,0.4,-888888888,-888888888,5.8,0.1,4.8,0.4,3.7,0.3,10.1,0.4,-888888888,12.3,0.2,0.4,12.9,0.4,0.2,8.7,4.6,-888888888,0.7,Florida,null,null,null,null,null,null,null,null,null,null,null,null,null,(X),null,null,null,null,null,null,null,null,null,null,null,null,(X),(X),null,null,null,null,null,null,null,null,null,null,null,(X),(X),null,null,null,null,null,null,null,null,null,null,null,null,null,(X),(X),null,null,null,null,null,null,null,null,null,(X),(X),null,null,null,null,null,null,null,null,null,null,(X),null,null,null,null,null,(X),12
0400000US13,4347839,24667,1546641,17227,770736,16571,1071279,16822,389282,13600,569901,13508,12.1,-888888888.0,69.3,0.5,56.2,0.8,66.9,1.0,79.3,0.7,72.6,1.3,86.7,1.0,-888888888,-888888888,0.2,5.6,0.3,2.8,3.5,0.3,5.4,0.7,1.8,0.4,-888888888,-888888888,5.9,0.2,10.4,0.4,4.8,0.5,4.0,4.1,0.6,0.3,1.6,0.4,1.9,0.4,-888888888,-888888888,22.8,0.8,9.8,0.5,7.9,6.4,0.6,-888888888,-888888888,5.7,0.2,5.1,0.6,3.3,0.3,12.5,0.4,-888888888,15.1,0.4,0.6,17.0,0.8,0.4,8.6,3.3,-888888888,1.0,Georgia,null,null,null,null,null,null,null,null,null,null,null,null,null,(X),null,null,null,null,null,null,null,null,null,null,null,null,(X),(X),null,null,null,null,null,null,null,null,null,null,null,(X),(X),null,null,null,null,null,null,null,null,null,null,null,null,null,(X),(X),null,null,null,null,null,null,null,null,null,(X),(X),null,null,null,null,null,null,null,null,null,null,(X),null,null,null,null,null,(X),13
0400000US15,643571,7883,220337,7259,144245,5588,161443,6868,60000,3749,57546,3734,10.8,-888888888.0,60.4,1.1,39.7,2.0,69.8,1.9,71.1,1.8,70.5,2.9,76.0,3.1,-888888888,-888888888,0.4,6.0,1.0,1.8,3.3,0.7,2.7,0.8,2.1,1.2,-888888888,-888888888,7.6,0.6,13.6,1.3,5.8,1.1,4.8,3.7,0.5,0.7,2.2,0.9,2.9,1.2,-888888888,-888888888,32.2,1.5,15.3,1.5,15.2,12.1,2.4,-888888888,-888888888,7.2,0.5,8.5,1.0,5.5,1.0,9.5,1.7,-888888888,21.0,0.9,1.7,16.5,2.5,1.0,6.1,6.9,-888888888,1.6,Hawaii,null,null,null,null,null,null,null,null,null,null,null,null,null,(X),null,null,null,null,null,null,null,null,null,null,null,null,(X),(X),null,null,null,null,null,null,null,null,null,null,null,(X),(X),null,null,null,null,null,null,null,null,null,null,null,null,null,(X),(X),null,null,null,null,null,null,null,null,null,(X),(X),null,null,null,null,null,null,null,null,null,null,(X),null,null,null,null,null,(X),15
0400000US16,710293,9330,234648,8097,123189,4930,176952,7231,85582,5489,89922,5692,10.4,-888888888.0,65.3,1.0,49.4,1.8,62.5,2.4,73.6,1.8,73.6,2.9,86.3,2.0,-888888888,-888888888,0.5,6.6,0.9,2.4,4.9,0.9,4.0,1.1,1.8,0.7,-888888888,-888888888,6.7,0.5,10.3,1.1,7.3,1.4,5.3,4.5,0.9,1.1,3.2,0.9,2.3,0.9,-888888888,-888888888,25.7,1.9,11.0,1.2,8.2,6.0,1.4,-888888888,-888888888,7.7,0.6,7.9,1.6,5.1,0.8,11.0,0.8,-888888888,15.8,0.7,1.6,16.2,1.5,0.9,11.7,3.6,-888888888,2.1,Idaho,null,null,null,null,null,null,null,null,null,null,null,null,null,(X),null,null,null,null,null,null,null,null,null,null,null,null,(X),(X),null,null,null,null,null,null,null,null,null,null,null,(X),(X),null,null,null,null,null,null,null,null,null,null,null,null,null,(X),(X),null,null,null,null,null,null,null,null,null,(X),(X),null,null,null,null,null,null,null,null,null,null,(X),null,null,null,null,null,(X),16
0400000US17,6074089,20530,2220501,19833,1062871,16788,1502769,18499,434858,9444,853090,18637,10.3,-888888888.0,70.7,0.3,58.2,0.5,67.4,0.7,79.6,0.5,76.1,1.1,89.2,0.6,-888888888,-888888888,0.1,4.5,0.2,1.8,2.8,0.2,5.7,0.6,2.0,0.2,-888888888,-888888888,8.7,0.2,14.9,0.4,7.6,0.4,6.1,3.3,0.2,0.3,2.0,0.3,2.4,0.2,-888888888,-888888888,17.7,0.6,8.4,0.3,6.8,3.9,0.3,-888888888,-888888888,4.9,0.1,4.8,0.5,3.1,0.2,9.4,0.3,-888888888,12.3,0.2,0.4,15.6,0.6,0.2,7.5,2.6,-888888888,0.7,Illinois,null,null,null,null,null,null,null,null,null,null,null,null,null,(X),null,null,null,null,null,null,null,null,null,null,null,null,(X),(X),null,null,null,null,null,null,null,null,null,null,null,(X),(X),null,null,null,null,null,null,null,null,null,null,null,null,null,(X),(X),null,null,null,null,null,null,null,null,null,(X),(X),null,null,null,null,null,null,null,null,null,null,(X),null,null,null,null,null,(X),17
0400000US18,3025786,15743,970923,14145,523911,12164,698858,11428,260316,9400,571778,12256,8.8,-888888888.0,71.8,0.4,56.1,0.8,68.0,1.3,79.0,0.9,77.4,1.5,90.3,0.7,-888888888,-888888888,0.2,4.2,0.3,1.7,2.9,0.4,6.0,1.0,1.1,0.2,-888888888,-888888888,9.0,0.3,16.7,0.6,8.6,0.5,6.4,3.0,0.3,0.4,2.1,0.4,2.4,0.3,-888888888,-888888888,18.5,0.9,8.5,0.6,4.4,3.7,0.4,-888888888,-888888888,4.7,0.2,4.5,0.5,3.2,0.3,10.2,0.4,-888888888,11.5,0.3,0.6,14.4,0.5,0.3,7.2,2.4,-888888888,1.0,Indiana,null,null,null,null,null,null,null,null,null,null,null,null,null,(X),null,null,null,null,null,null,null,null,null,null,null,null,(X),(X),null,null,null,null,null,null,null,null,null,null,null,(X),(X),null,null,null,null,null,null,null,null,null,null,null,null,null,(X),(X),null,null,null,null,null,null,null,null,null,(X),(X),null,null,null,null,null,null,null,null,null,null,(X),null,null,null,null,null,(X),18
0400000US19,1576091,8695,540531,10335,269825,6268,367595,8315,142753,5014,255387,6539,9.0,-888888888.0,67.7,0.5,50.5,1.0,62.8,1.2,78.3,0.9,77.0,1.2,88.9,0.9,-888888888,-888888888,0.2,4.5,0.4,1.9,2.9,0.4,3.7,0.6,1.7,0.3,-888888888,-888888888,9.2,0.3,15.6,0.7,10.8,0.8,5.8,3.1,0.4,0.5,1.8,0.5,2.8,0.5,-888888888,-888888888,21.9,1.0,9.8,0.7,6.9,3.6,0.4,-888888888,-888888888,6.5,0.3,7.5,0.7,3.2,0.4,10.6,0.5,-888888888,13.5,0.4,0.8,14.6,0.8,0.5,10.0,3.1,-888888888,1.0,Iowa,null,null,null,null,null,null,null,null,null,null,null,null,null,(X),null,null,null,null,null,null,null,null,null,null,null,null,(X),(X),null,null,null,null,null,null,null,null,null,null,null,(X),(X),null,null,null,null,null,null,null,null,null,null,null,null,null,(X),(X),null,null,null,null,null,null,null,null,null,(X),(X),null,null,null,null,null,null,null,null,null,null,(X),null,null,null,null,null,(X),19
0400000US20,1399578,10271,523437,9238,229870,7084,322340,7329,135752,5726,188179,5770,8.3,-888888888.0,66.8,0.6,52.6,1.0,63.2,1.3,76.1,1.1,76.3,1.9,88.0,1.0,-888888888,-888888888,0.2,4.5,0.4,1.4,3.6,0.4,3.6,0.7,1.3,0.3,-888888888,-888888888,8.2,0.3,13.6,0.7,8.3,0.9,5.6,3.3,0.3,0.6,1.3,0.4,2.6,0.5,-888888888,-888888888,22.7,1.2,10.9,0.8,8.3,5.3,0.8,-888888888,-888888888,6.2,0.3,6.6,0.9,3.8,0.4,10.6,0.5,-888888888,15.6,0.5,0.9,18.4,1.0,0.4,8.7,2.8,-888888888,1.3,Kansas,null,null,null,null,null,null,null,null,null,null,null,null,null,(X),null,null,null,null,null,null,null,null,null,null,null,null,(X),(X),null,null,null,null,null,null,null,null,null,null,null,(X),(X),null,null,null,null,null,null,null,null,null,null,null,null,null,(X),(X),null,null,null,null,null,null,null,null,null,(X),(X),null,null,null,null,null,null,null,null,null,null,(X),null,null,null,null,null,(X),20
0400000US21,1894116,12461,619593,10383,315106,9758,456638,9484,181542,6278,321237,8057,9.5,-888888888.0,68.4,0.6,50.3,1.1,65.0,1.5,78.3,0.8,73.5,1.8,89.6,0.8,-888888888,-888888888,0.2,4.4,0.4,2.0,2.7,0.4,4.1,0.7,1.1,0.3,-888888888,-888888888,7.9,0.4,14.9,0.8,7.6,0.9,5.5,3.0,0.4,0.4,2.3,0.5,1.6,0.3,-888888888,-888888888,24.9,1.2,10.5,0.7,6.5,5.2,0.6,-888888888,-888888888,5.6,0.3,5.5,0.7,3.0,0.3,13.6,0.3,-888888888,15.1,0.5,1.0,17.4,0.9,0.5,7.9,2.4,-888888888,1.3,Kentucky,null,null,null,null,null,null,null,null,null,null,null,null,null,(X),null,null,null,null,null,null,null,null,null,null,null,null,(X),(X),null,null,null,null,null,null,null,null,null,null,null,(X),(X),null,null,null,null,null,null,null,null,null,null,null,null,null,(X),(X),null,null,null,null,null,null,null,null,null,(X),(X),null,null,null,null,null,null,null,null,null,null,(X),null,null,null,null,null,(X),21
0400000US22,2011783,15819,645354,13046,389522,11929,478153,9896,246418,8951,252336,8976,11.2,-888888888.0,69.3,0.6,54.4,1.1,67.8,1.4,77.1,1.1,78.5,1.8,86.0,1.1,-888888888,-888888888,0.3,5.2,0.5,2.0,3.6,0.5,3.3,0.6,1.6,0.4,-888888888,-888888888,6.3,0.4,11.3,0.8,5.2,0.6,4.7,3.5,0.4,0.5,2.2,0.7,2.5,0.5,-888888888,-888888888,23.8,1.0,11.6,0.8,5.7,6.2,0.8,-888888888,-888888888,5.8,0.4,5.3,0.9,3.0,0.4,10.3,0.7,-888888888,15.1,0.5,0.9,16.5,0.8,0.4,8.5,3.7,-888888888,1.4,Louisiana,null,null,null,null,null,null,null,null,null,null,null,null,null,(X),null,null,null,null,null,null,null,null,null,null,null,null,(X),(X),null,null,null,null,null,null,null,null,null,null,null,(X),(X),null,null,null,null,null,null,null,null,null,null,null,null,null,(X),(X),null,null,null,null,null,null,null,null,null,(X),(X),null,null,null,null,null,null,null,null,null,null,(X),null,null,null,null,null,(X),22
0400000US23,643378,6579,222789,6895,122619,5916,150497,5488,71322,3555,76151,3950,6.8,-888888888.0,60.0,0.8,41.6,1.5,60.7,2.3,75.1,1.2,61.8,2.9,81.4,1.7,-888888888,-888888888,0.4,4.6,0.6,1.3,3.4,0.7,5.8,1.3,1.7,0.5,-888888888,-888888888,13.9,0.6,24.3,1.2,15.9,1.8,8.2,3.5,0.3,1.0,1.9,0.7,2.7,0.8,-888888888,-888888888,22.9,1.3,9.5,0.9,6.1,7.9,1.6,-888888888,-888888888,8.5,0.5,6.6,1.2,3.9,0.8,24.3,1.2,-888888888,14.1,0.7,1.4,12.5,1.4,0.6,9.6,6.3,-888888888,2.5,Maine,null,null,null,null,null,null,null,null,null,null,null,null,null,(X),null,null,null,null,null,null,null,null,null,null,null,null,(X),(X),null,null,null,null,null,null,null,null,null,null,null,(X),(X),null,null,null,null,null,null,null,null,null,null,null,null,null,(X),(X),null,null,null,null,null,null,null,null,null,(X),(X),null,null,null,null,null,null,null,null,null,null,(X),null,null,null,null,null,(X),23
0400000US24,2983367,14133,1327071,14556,515720,10282,681955,11904,235075,7016,223546,8302,12.4,-888888888.0,60.1,0.5,46.5,0.6,64.8,1.1,71.9,0.8,75.0,1.6,78.1,1.2,-888888888,-888888888,0.2,3.6,0.3,2.1,2.2,0.3,4.3,0.7,2.8,0.5,-888888888,-888888888,10.0,0.3,15.1,0.5,6.8,0.6,7.2,3.0,0.3,0.5,3.1,0.7,3.2,0.6,-888888888,-888888888,30.6,0.9,16.0,0.5,9.4,11.7,1.2,-888888888,-888888888,4.7,0.2,4.2,0.6,2.6,0.3,8.2,0.7,-888888888,22.2,0.4,0.6,18.9,0.9,0.3,7.5,4.3,-888888888,0.9,Maryland,null,null,null,null,null,null,null,null,null,null,null,null,null,(X),null,null,null,null,null,null,null,null,null,null,null,null,(X),(X),null,null,null,null,null,null,null,null,null,null,null,(X),(X),null,null,null,null,null,null,null,null,null,null,null,null,null,(X),(X),null,null,null,null,null,null,null,null,null,(X),(X),null,null,null,null,null,null,null,null,null,null,(X),null,null,null,null,null,(X),24
0400000US25,3398003,20562,1493837,17709,610865,13258,761943,12332,225573,8575,305785,9733,11.8,-888888888.0,66.0,0.4,56.0,0.6,66.2,1.1,76.4,0.7,68.5,1.8,87.0,1.1,-888888888,-888888888,0.1,3.4,0.3,1.5,2.5,0.3,5.5,0.7,1.3,0.3,-888888888,-888888888,12.9,0.3,19.5,0.6,11.4,0.7,8.2,2.8,0.3,0.4,3.0,0.6,3.0,0.5,-888888888,-888888888,15.7,0.8,9.0,0.5,5.5,5.1,0.7,-888888888,-888888888,6.0,0.2,5.5,0.5,3.8,0.3,17.5,0.6,-888888888,12.3,0.3,0.5,14.1,0.9,0.3,6.8,3.7,-888888888,1.3,Massachusetts,null,null,null,null,null,null,null,null,null,null,null,null,null,(X),null,null,null,null,null,null,null,null,null,null,null,null,(X),(X),null,null,null,null,null,null,null,null,null,null,null,(X),(X),null,null,null,null,null,null,null,null,null,null,null,null,null,(X),(X),null,null,null,null,null,null,null,null,null,(X),(X),null,null,null,null,null,null,null,null,null,null,(X),null,null,null,null,null,(X),25
0400000US26,4369787,19964,1502589,15033,796898,13993,1058736,13319,335217,8326,676347,11407,10.0,-888888888.0,70.7,0.3,56.9,0.6,68.8,0.7,78.1,0.5,74.5,1.0,90.0,0.5,-888888888,-888888888,0.1,4.7,0.2,1.8,3.0,0.3,5.3,0.5,1.4,0.2,-888888888,-888888888,9.5,0.2,16.0,0.4,9.2,0.5,7.0,3.3,0.2,0.3,2.1,0.3,2.9,0.3,-888888888,-888888888,17.5,0.5,8.1,0.4,5.0,3.5,0.3,-888888888,-888888888,5.4,0.2,4.9,0.5,3.8,0.2,13.1,0.2,-888888888,11.1,0.2,0.5,12.4,0.5,0.3,7.7,2.2,-888888888,0.9,Michigan,null,null,null,null,null,null,null,null,null,null,null,null,null,(X),null,null,null,null,null,null,null,null,null,null,null,null,(X),(X),null,null,null,null,null,null,null,null,null,null,null,(X),(X),null,null,null,null,null,null,null,null,null,null,null,null,null,(X),(X),null,null,null,null,null,null,null,null,null,(X),(X),null,null,null,null,null,null,null,null,null,null,(X),null,null,null,null,null,(X),26
0400000US27,2828280,11413,1096862,11446,479740,9217,665055,10385,215459,5771,371164,7574,8.4,-888888888.0,67.6,0.4,54.9,0.6,66.8,1.1,76.2,0.7,73.2,1.2,87.3,0.8,-888888888,-888888888,0.2,4.8,0.3,1.8,4.0,0.3,7.7,0.8,1.5,0.2,-888888888,-888888888,11.1,0.3,17.3,0.5,11.2,0.7,7.7,3.9,0.3,0.4,2.4,0.5,3.9,0.4,-888888888,-888888888,17.4,0.7,8.7,0.5,6.8,3.8,0.4,-888888888,-888888888,5.6,0.2,5.7,0.5,3.5,0.3,10.0,0.4,-888888888,11.8,0.2,0.4,12.1,0.7,0.3,8.1,3.6,-888888888,0.7,Minnesota,null,null,null,null,null,null,null,null,null,null,null,null,null,(X),null,null,null,null,null,null,null,null,null,null,null,null,(X),(X),null,null,null,null,null,null,null,null,null,null,null,(X),(X),null,null,null,null,null,null,null,null,null,null,null,null,null,(X),(X),null,null,null,null,null,null,null,null,null,(X),(X),null,null,null,null,null,null,null,null,null,null,(X),null,null,null,null,null,(X),27
0400000US28,1196784,12502,365254,9296,219677,8501,288376,7359,125472,5580,198005,7169,9.4,-888888888.0,68.3,0.7,49.1,1.4,67.3,1.9,78.0,1.4,72.5,2.2,88.1,1.5,-888888888,-888888888,0.3,4.3,0.6,1.5,3.2,0.7,3.7,1.0,1.1,0.4,-888888888,-888888888,5.3,0.4,10.8,0.8,4.2,0.8,3.6,2.9,0.5,0.6,1.3,0.6,1.6,0.6,-888888888,-888888888,31.3,1.7,11.5,1.0,10.5,5.8,0.9,-888888888,-888888888,5.4,0.4,4.5,1.1,3.7,0.7,11.9,0.9,-888888888,18.0,0.6,1.3,19.8,1.9,0.6,7.3,3.5,-888888888,1.7,Mississippi,null,null,null,null,null,null,null,null,null,null,null,null,null,(X),null,null,null,null,null,null,null,null,null,null,null,null,(X),(X),null,null,null,null,null,null,null,null,null,null,null,(X),(X),null,null,null,null,null,null,null,null,null,null,null,null,null,(X),(X),null,null,null,null,null,null,null,null,null,(X),(X),null,null,null,null,null,null,null,null,null,null,(X),null,null,null,null,null,(X),28
0400000US29,2808535,14504,978581,13207,510713,11100,703122,13290,237365,7255,378754,9623,9.9,-888888888.0,68.3,0.4,54.5,0.7,66.6,1.1,76.5,0.8,73.5,1.5,87.7,0.9,-888888888,-888888888,0.1,3.9,0.3,1.6,2.9,0.3,3.7,0.7,1.6,0.4,-888888888,-888888888,10.5,0.3,17.8,0.6,9.4,0.7,7.2,2.9,0.2,0.4,2.6,0.4,3.9,0.5,-888888888,-888888888,18.3,0.7,9.6,0.6,7.7,3.8,0.5,-888888888,-888888888,5.7,0.2,5.5,0.6,3.8,0.3,12.4,0.4,-888888888,12.7,0.3,0.7,15.0,0.9,0.4,7.4,3.0,-888888888,1.1,Missouri,null,null,null,null,null,null,null,null,null,null,null,null,null,(X),null,null,null,null,null,null,null,null,null,null,null,null,(X),(X),null,null,null,null,null,null,null,null,null,null,null,(X),(X),null,null,null,null,null,null,null,null,null,null,null,null,null,(X),(X),null,null,null,null,null,null,null,null,null,(X),(X),null,null,null,null,null,null,null,null,null,null,(X),null,null,null,null,null,(X),29
0400000US30,482603,6120,168059,5034,95348,4475,115204,5344,58039,3159,45953,3086,8.1,-888888888.0,58.1,1.1,38.6,1.8,62.0,2.7,70.6,1.9,66.9,2.9,78.6,2.6,-888888888,-888888888,0.5,8.1,1.0,2.3,4.1,0.9,6.8,1.5,3.9,1.3,-888888888,-888888888,9.1,0.7,14.4,1.2,9.3,1.6,7.1,5.4,0.8,1.3,2.0,0.7,3.1,1.1,-888888888,-888888888,28.6,2.2,13.7,1.5,9.2,7.5,2.0,-888888888,-888888888,8.8,0.7,10.3,1.3,4.6,1.1,15.1,1.8,-888888888,18.6,1.0,1.7,18.2,1.7,1.1,8.2,6.9,-888888888,2.4,Montana,null,null,null,null,null,null,null,null,null,null,null,null,null,(X),null,null,null,null,null,null,null,null,null,null,null,null,(X),(X),null,null,null,null,null,null,null,null,null,null,null,(X),(X),null,null,null,null,null,null,null,null,null,null,null,null,null,(X),(X),null,null,null,null,null,null,null,null,null,(X),(X),null,null,null,null,null,null,null,null,null,null,(X),null,null,null,null,null,(X),30
0400000US31,965779,6495,344451,7361,159334,5417,233919,5482,96206,3832,131869,4683,9.1,-888888888.0,66.7,0.7,49.4,1.1,65.4,1.7,78.3,1.0,74.6,1.8,87.4,1.2,-888888888,-888888888,0.2,4.9,0.4,1.6,3.6,0.5,4.3,0.9,1.3,0.4,-888888888,-888888888,9.0,0.4,15.7,0.8,8.7,1.0,5.7,3.5,0.4,0.7,2.1,0.7,3.2,0.7,-888888888,-888888888,21.7,1.3,9.4,0.8,8.6,4.6,0.8,-888888888,-888888888,6.7,0.3,8.3,0.9,3.1,0.4,10.3,0.7,-888888888,14.0,0.5,1.0,15.0,1.2,0.5,9.3,3.5,-888888888,1.2,Nebraska,null,null,null,null,null,null,null,null,null,null,null,null,null,(X),null,null,null,null,null,null,null,null,null,null,null,null,(X),(X),null,null,null,null,null,null,null,null,null,null,null,(X),(X),null,null,null,null,null,null,null,null,null,null,null,null,null,(X),(X),null,null,null,null,null,null,null,null,null,(X),(X),null,null,null,null,null,null,null,null,null,null,(X),null,null,null,null,null,(X),31
0400000US32,1262730,12070,353534,8561,349732,10350,320073,9268,111549,5682,127842,6709,10.4,-888888888.0,75.6,0.7,58.6,1.4,80.5,1.1,81.7,1.1,83.2,2.0,87.4,1.7,-888888888,-888888888,0.3,5.4,0.5,1.4,2.8,0.5,2.2,0.7,1.5,0.7,-888888888,-888888888,4.0,0.3,7.4,0.7,2.2,0.4,3.7,3.0,0.4,0.6,1.2,0.7,3.3,1.0,-888888888,-888888888,22.6,0.9,8.2,0.7,6.3,5.0,1.1,-888888888,-888888888,5.2,0.3,6.0,0.7,3.7,0.6,7.1,0.6,-888888888,12.2,0.5,1.2,9.8,1.2,0.6,6.2,2.8,-888888888,1.4,Nevada,null,null,null,null,null,null,null,null,null,null,null,null,null,(X),null,null,null,null,null,null,null,null,null,null,null,null,(X),(X),null,null,null,null,null,null,null,null,null,null,null,(X),(X),null,null,null,null,null,null,null,null,null,null,null,null,null,(X),(X),null,null,null,null,null,null,null,null,null,(X),(X),null,null,null,null,null,null,null,null,null,null,(X),null,null,null,null,null,(X),32
0400000US33,694508,7769,270906,6650,110041,5621,168920,6901,66591,4678,78050,4949,7.8,-888888888.0,66.0,0.9,54.2,1.3,64.0,2.5,76.5,1.7,65.7,3.1,87.0,2.3,-888888888,-888888888,0.4,4.2,0.7,1.8,2.6,0.6,5.8,1.3,1.4,0.7,-888888888,-888888888,10.4,0.6,16.1,0.9,11.0,1.5,6.9,3.3,0.8,1.1,2.7,1.2,3.9,1.6,-888888888,-888888888,19.4,1.8,9.8,1.2,6.0,4.5,1.2,-888888888,-888888888,7.0,0.4,6.0,1.5,4.2,0.6,19.8,1.0,-888888888,13.3,0.6,1.1,14.5,1.3,0.6,8.7,3.2,-888888888,2.4,New Hampshire,null,null,null,null,null,null,null,null,null,null,null,null,null,(X),null,null,null,null,null,null,null,null,null,null,null,null,(X),(X),null,null,null,null,null,null,null,null,null,null,null,(X),(X),null,null,null,null,null,null,null,null,null,null,null,null,null,(X),(X),null,null,null,null,null,null,null,null,null,(X),(X),null,null,null,null,null,null,null,null,null,null,(X),null,null,null,null,null,(X),33
0400000US34,4252626,20357,1717424,18744,734804,15976,1052292,17881,305168,9483,442938,11083,10.9,-888888888.0,71.1,0.3,61.6,0.6,70.8,1.0,80.0,0.6,73.8,1.3,85.4,1.0,-888888888,-888888888,0.1,4.9,0.3,2.1,3.6,0.3,5.9,0.7,2.0,0.3,-888888888,-888888888,6.6,0.2,10.7,0.4,5.2,0.5,4.2,3.8,0.3,0.3,1.8,0.5,2.4,0.4,-888888888,-888888888,18.3,0.7,9.1,0.4,8.6,7.2,0.7,-888888888,-888888888,4.6,0.2,4.5,0.5,3.2,0.3,9.8,0.4,-888888888,13.8,0.2,0.5,16.1,0.8,0.2,5.8,3.0,-888888888,0.9,New Jersey,null,null,null,null,null,null,null,null,null,null,null,null,null,(X),null,null,null,null,null,null,null,null,null,null,null,null,(X),(X),null,null,null,null,null,null,null,null,null,null,null,(X),(X),null,null,null,null,null,null,null,null,null,null,null,null,null,(X),(X),null,null,null,null,null,null,null,null,null,(X),(X),null,null,null,null,null,null,null,null,null,null,(X),null,null,null,null,null,(X),34
0400000US35,872487,9827,302809,8014,182588,8527,197172,6806,104824,5562,85094,5033,9.6,-888888888.0,60.4,1.0,41.8,1.6,61.8,1.9,72.7,1.7,74.1,2.8,77.9,3.0,-888888888,-888888888,0.3,4.1,0.6,1.3,2.3,0.4,2.8,0.9,2.5,1.0,-888888888,-888888888,6.9,0.5,11.8,1.1,6.4,1.0,4.8,2.8,0.4,0.8,1.3,0.6,2.5,0.8,-888888888,-888888888,35.7,1.8,15.2,1.3,11.1,10.2,2.3,-888888888,-888888888,7.2,0.5,6.5,1.2,5.0,1.0,10.7,1.5,-888888888,22.7,0.9,1.7,21.7,1.9,0.7,8.8,6.8,-888888888,2.0,New Mexico,null,null,null,null,null,null,null,null,null,null,null,null,null,(X),null,null,null,null,null,null,null,null,null,null,null,null,(X),(X),null,null,null,null,null,null,null,null,null,null,null,(X),(X),null,null,null,null,null,null,null,null,null,null,null,null,null,(X),(X),null,null,null,null,null,null,null,null,null,(X),(X),null,null,null,null,null,null,null,null,null,null,(X),null,null,null,null,null,(X),35
0400000US36,9213552,31058,3612926,29102,1886587,23163,2180234,19325,671233,13639,862572,15907,13.5,-888888888.0,65.1,0.2,53.0,0.4,67.0,0.6,76.4,0.4,71.1,1.0,78.6,0.7,-888888888,-888888888,0.1,4.8,0.2,1.7,3.1,0.2,5.4,0.4,2.2,0.3,-888888888,-888888888,9.8,0.2,15.6,0.3,7.8,0.3,6.4,3.6,0.2,0.3,2.6,0.3,3.9,0.3,-888888888,-888888888,20.6,0.4,10.6,0.3,9.3,9.8,0.6,-888888888,-888888888,6.0,0.1,6.0,0.3,3.5,0.2,11.6,0.4,-888888888,15.4,0.2,0.4,16.1,0.6,0.2,7.4,5.5,-888888888,0.8,New York,null,null,null,null,null,null,null,null,null,null,null,null,null,(X),null,null,null,null,null,null,null,null,null,null,null,null,(X),(X),null,null,null,null,null,null,null,null,null,null,null,(X),(X),null,null,null,null,null,null,null,null,null,null,null,null,null,(X),(X),null,null,null,null,null,null,null,null,null,(X),(X),null,null,null,null,null,null,null,null,null,null,(X),null,null,null,null,null,(X),36
0400000US37,4355481,20357,1564166,18503,799326,15780,1022683,16609,398100,12490,571206,11784,9.6,-888888888.0,69.1,0.4,54.8,0.8,69.3,0.9,78.4,0.7,75.1,1.1,86.8,0.7,-888888888,-888888888,0.1,4.7,0.3,2.0,3.3,0.3,4.8,0.5,1.5,0.3,-888888888,-888888888,6.9,0.2,12.5,0.5,5.0,0.4,4.7,3.4,0.3,0.3,1.1,0.2,2.2,0.3,-888888888,-888888888,23.1,0.7,9.4,0.5,7.1,5.8,0.5,-888888888,-888888888,5.8,0.2,4.9,0.6,4.2,0.3,11.9,0.4,-888888888,14.8,0.3,0.6,15.4,0.7,0.2,8.2,3.6,-888888888,0.8,North Carolina,null,null,null,null,null,null,null,null,null,null,null,null,null,(X),null,null,null,null,null,null,null,null,null,null,null,null,(X),(X),null,null,null,null,null,null,null,null,null,null,null,(X),(X),null,null,null,null,null,null,null,null,null,null,null,null,null,(X),(X),null,null,null,null,null,null,null,null,null,(X),(X),null,null,null,null,null,null,null,null,null,null,(X),null,null,null,null,null,(X),37
0400000US38,390647,4139,134171,4404,66267,3457,88375,4389,49436,2998,52398,3245,8.2,-888888888.0,62.3,1.1,42.0,1.9,54.9,3.2,74.2,2.4,79.8,2.4,86.6,1.8,-888888888,-888888888,0.3,4.3,0.8,0.7,4.0,1.0,3.6,1.2,1.8,0.7,-888888888,-888888888,10.2,0.7,15.7,1.5,16.2,2.5,6.4,3.2,0.4,1.2,2.3,0.8,2.2,0.8,-888888888,-888888888,26.1,2.1,12.3,1.8,6.6,4.6,1.1,-888888888,-888888888,8.2,0.7,11.9,1.9,3.1,0.8,7.7,1.2,-888888888,16.1,0.9,1.7,17.4,1.4,1.0,10.8,4.9,-888888888,1.6,North Dakota,null,null,null,null,null,null,null,null,null,null,null,null,null,(X),null,null,null,null,null,null,null,null,null,null,null,null,(X),(X),null,null,null,null,null,null,null,null,null,null,null,(X),(X),null,null,null,null,null,null,null,null,null,null,null,null,null,(X),(X),null,null,null,null,null,null,null,null,null,(X),(X),null,null,null,null,null,null,null,null,null,null,(X),null,null,null,null,null,(X),38
0400000US39,5347801,23450,1866067,19989,958809,14191,1267347,17106,411763,11176,843815,13326,8.8,-888888888.0,71.0,0.3,56.3,0.6,70.1,0.8,79.5,0.6,75.7,1.2,89.4,0.5,-888888888,-888888888,0.1,3.7,0.2,1.9,2.5,0.2,3.8,0.4,1.0,0.1,-888888888,-888888888,9.1,0.2,16.0,0.5,8.3,0.5,6.0,2.6,0.3,0.3,2.1,0.3,2.6,0.3,-888888888,-888888888,19.3,0.6,8.8,0.4,6.6,4.4,0.3,-888888888,-888888888,4.9,0.2,4.8,0.3,3.2,0.3,11.8,0.2,-888888888,12.4,0.2,0.5,13.1,0.6,0.2,6.6,2.7,-888888888,0.9,Ohio,null,null,null,null,null,null,null,null,null,null,null,null,null,(X),null,null,null,null,null,null,null,null,null,null,null,null,(X),(X),null,null,null,null,null,null,null,null,null,null,null,(X),(X),null,null,null,null,null,null,null,null,null,null,null,null,null,(X),(X),null,null,null,null,null,null,null,null,null,(X),(X),null,null,null,null,null,null,null,null,null,null,(X),null,null,null,null,null,(X),39
0400000US40,1716784,9781,557971,8644,308910,8175,418321,7318,201144,5927,230438,5868,9.2,-888888888.0,67.3,0.5,51.4,0.8,65.3,1.3,76.5,0.9,73.5,1.5,86.1,0.9,-888888888,-888888888,0.2,4.4,0.4,1.7,3.0,0.3,3.5,0.6,1.7,0.3,-888888888,-888888888,6.4,0.2,11.4,0.6,5.7,0.6,5.1,3.1,0.3,0.4,1.4,0.3,1.9,0.4,-888888888,-888888888,26.6,1.0,11.8,0.7,10.1,6.6,0.7,-888888888,-888888888,6.4,0.3,6.1,0.8,3.5,0.4,11.5,0.4,-888888888,16.8,0.4,0.8,18.0,0.9,0.3,9.3,3.8,-888888888,1.0,Oklahoma,null,null,null,null,null,null,null,null,null,null,null,null,null,(X),null,null,null,null,null,null,null,null,null,null,null,null,(X),(X),null,null,null,null,null,null,null,null,null,null,null,(X),(X),null,null,null,null,null,null,null,null,null,null,null,null,null,(X),(X),null,null,null,null,null,null,null,null,null,(X),(X),null,null,null,null,null,null,null,null,null,null,(X),null,null,null,null,null,(X),40
0400000US41,1785619,12787,656071,10700,331759,8579,423772,9552,158276,7140,215741,7083,8.5,-888888888.0,65.2,0.7,49.0,0.9,65.0,1.7,75.7,1.0,75.6,1.6,86.7,1.5,-888888888,-888888888,0.3,5.9,0.5,2.7,3.7,0.5,4.4,0.8,1.9,0.4,-888888888,-888888888,9.1,0.4,15.3,0.7,7.7,0.9,6.4,4.2,0.6,0.6,2.2,0.5,2.7,0.6,-888888888,-888888888,21.5,1.2,9.3,0.6,6.2,4.1,0.8,-888888888,-888888888,7.8,0.3,8.3,1.0,4.9,0.5,11.5,0.9,-888888888,13.7,0.5,0.9,13.7,1.0,0.6,11.0,4.7,-888888888,1.3,Oregon,null,null,null,null,null,null,null,null,null,null,null,null,null,(X),null,null,null,null,null,null,null,null,null,null,null,null,(X),(X),null,null,null,null,null,null,null,null,null,null,null,(X),(X),null,null,null,null,null,null,null,null,null,null,null,null,null,(X),(X),null,null,null,null,null,null,null,null,null,(X),(X),null,null,null,null,null,null,null,null,null,null,(X),null,null,null,null,null,(X),41
0400000US42,5987761,21619,2182915,19659,1052781,15481,1460251,16153,483379,10837,808435,13099,10.0,-888888888.0,69.9,0.3,56.8,0.5,69.2,0.7,78.3,0.5,74.3,1.0,88.2,0.6,-888888888,-888888888,0.1,3.8,0.2,1.3,2.9,0.2,3.7,0.4,1.2,0.2,-888888888,-888888888,11.3,0.2,19.2,0.4,10.5,0.4,7.6,2.8,0.2,0.3,2.5,0.3,2.8,0.3,-888888888,-888888888,14.8,0.5,7.9,0.3,6.3,4.7,0.3,-888888888,-888888888,5.3,0.2,5.3,0.4,3.4,0.2,13.1,0.3,-888888888,10.7,0.2,0.3,13.0,0.5,0.2,6.1,3.2,-888888888,0.8,Pennsylvania,null,null,null,null,null,null,null,null,null,null,null,null,null,(X),null,null,null,null,null,null,null,null,null,null,null,null,(X),(X),null,null,null,null,null,null,null,null,null,null,null,(X),(X),null,null,null,null,null,null,null,null,null,null,null,null,null,(X),(X),null,null,null,null,null,null,null,null,null,(X),(X),null,null,null,null,null,null,null,null,null,null,(X),null,null,null,null,null,(X),42
0400000US44,515340,7901,189823,6840,104086,5653,123659,5979,37573,2864,60199,4775,10.0,-888888888.0,67.9,1.1,51.7,1.9,69.0,2.8,80.0,2.1,72.0,4.2,89.7,2.0,-888888888,-888888888,0.5,4.0,0.8,2.6,2.2,0.7,6.9,2.7,0.9,0.6,-888888888,-888888888,11.9,0.9,20.0,1.6,10.2,1.8,7.7,3.1,0.9,1.2,4.2,1.5,2.8,1.0,-888888888,-888888888,19.2,1.9,6.9,1.2,5.6,4.1,1.4,-888888888,-888888888,5.0,0.5,5.1,1.2,3.2,0.8,11.2,1.2,-888888888,12.1,0.9,1.6,12.3,2.1,0.8,6.0,2.5,-888888888,2.7,Rhode Island,null,null,null,null,null,null,null,null,null,null,null,null,null,(X),null,null,null,null,null,null,null,null,null,null,null,null,(X),(X),null,null,null,null,null,null,null,null,null,null,null,(X),(X),null,null,null,null,null,null,null,null,null,null,null,null,null,(X),(X),null,null,null,null,null,null,null,null,null,(X),(X),null,null,null,null,null,null,null,null,null,null,(X),null,null,null,null,null,(X),44
0400000US45,2080718,15739,683167,13052,399674,11801,510621,10283,184637,7470,302619,8160,11.3,-888888888.0,69.5,0.7,52.9,1.0,69.5,1.3,78.5,1.1,75.1,2.0,88.2,1.0,-888888888,-888888888,0.2,4.3,0.5,1.8,3.5,0.4,4.3,0.8,1.2,0.3,-888888888,-888888888,5.9,0.3,11.1,0.6,4.7,0.5,4.1,3.2,0.4,0.4,1.3,0.4,1.8,0.4,-888888888,-888888888,27.4,1.1,10.1,0.8,6.8,6.2,0.8,-888888888,-888888888,5.3,0.3,4.3,0.8,3.8,0.4,12.6,0.4,-888888888,16.1,0.5,0.9,16.5,0.9,0.4,7.4,2.6,-888888888,1.5,South Carolina,null,null,null,null,null,null,null,null,null,null,null,null,null,(X),null,null,null,null,null,null,null,null,null,null,null,null,(X),(X),null,null,null,null,null,null,null,null,null,null,null,(X),(X),null,null,null,null,null,null,null,null,null,null,null,null,null,(X),(X),null,null,null,null,null,null,null,null,null,(X),(X),null,null,null,null,null,null,null,null,null,null,(X),null,null,null,null,null,(X),45
0400000US46,431256,5106,144881,5353,76663,4003,108747,4412,48316,3150,52649,3006,8.6,-888888888.0,61.3,1.0,40.6,1.6,60.9,2.9,75.3,1.8,67.7,3.1,84.3,2.3,-888888888,-888888888,0.4,5.6,0.8,2.1,3.1,0.8,5.7,1.7,0.8,0.5,-888888888,-888888888,10.5,0.7,16.8,1.6,12.5,2.0,7.3,3.8,0.8,1.2,2.8,1.1,4.0,1.2,-888888888,-888888888,23.7,2.2,10.6,1.3,10.9,5.5,1.5,-888888888,-888888888,8.8,0.5,13.3,1.1,3.6,0.7,12.8,1.4,-888888888,15.5,0.8,1.6,16.8,2.7,1.1,7.7,5.3,-888888888,2.0,South Dakota,null,null,null,null,null,null,null,null,null,null,null,null,null,(X),null,null,null,null,null,null,null,null,null,null,null,null,(X),(X),null,null,null,null,null,null,null,null,null,null,null,(X),(X),null,null,null,null,null,null,null,null,null,null,null,null,null,(X),(X),null,null,null,null,null,null,null,null,null,(X),(X),null,null,null,null,null,null,null,null,null,null,(X),null,null,null,null,null,(X),46
0400000US47,2881431,18741,971767,14839,489678,11934,721976,16142,255101,7843,442909,11738,9.5,-888888888.0,69.1,0.5,54.1,0.9,67.1,1.0,77.7,1.0,70.8,1.5,89.1,0.8,-888888888,-888888888,0.1,3.2,0.3,1.2,2.3,0.4,2.3,0.5,0.6,0.2,-888888888,-888888888,7.6,0.3,14.0,0.6,6.3,0.5,5.4,2.2,0.3,0.5,2.0,0.4,1.8,0.3,-888888888,-888888888,22.4,0.8,9.8,0.6,8.3,4.9,0.5,-888888888,-888888888,7.0,0.3,6.4,0.8,4.7,0.4,16.6,0.5,-888888888,14.2,0.4,0.7,16.0,0.9,0.4,9.5,3.6,-888888888,1.1,Tennessee,null,null,null,null,null,null,null,null,null,null,null,null,null,(X),null,null,null,null,null,null,null,null,null,null,null,null,(X),(X),null,null,null,null,null,null,null,null,null,null,null,(X),(X),null,null,null,null,null,null,null,null,null,null,null,null,null,(X),(X),null,null,null,null,null,null,null,null,null,(X),(X),null,null,null,null,null,null,null,null,null,null,(X),null,null,null,null,null,(X),47
0400000US48,12074980,34059,4212742,29657,2152443,26386,2949051,27877,1322368,22244,1438376,25605,9.7,-888888888.0,71.4,0.3,59.2,0.5,68.6,0.7,80.0,0.4,78.5,0.8,87.0,0.5,-888888888,-888888888,0.1,4.0,0.2,1.4,2.7,0.2,2.6,0.3,1.3,0.2,-888888888,-888888888,5.6,0.1,9.8,0.3,4.2,0.3,4.3,2.7,0.1,0.2,1.7,0.2,1.8,0.2,-888888888,-888888888,21.3,0.5,8.5,0.3,4.8,5.3,0.4,-888888888,-888888888,6.7,0.1,5.7,0.4,4.5,0.2,12.4,0.3,-888888888,13.5,0.2,0.4,15.9,0.3,0.2,9.9,4.6,-888888888,0.5,Texas,null,null,null,null,null,null,null,null,null,null,null,null,null,(X),null,null,null,null,null,null,null,null,null,null,null,null,(X),(X),null,null,null,null,null,null,null,null,null,null,null,(X),(X),null,null,null,null,null,null,null,null,null,null,null,null,null,(X),(X),null,null,null,null,null,null,null,null,null,(X),(X),null,null,null,null,null,null,null,null,null,null,(X),null,null,null,null,null,(X),48
0400000US49,1327452,11547,491655,9571,208052,6874,349301,7538,118073,4940,160371,7171,8.5,-888888888.0,68.9,0.6,55.4,1.1,67.0,1.5,78.6,1.1,76.2,2.0,86.1,1.5,-888888888,-888888888,0.2,5.2,0.4,2.3,3.6,0.4,5.1,0.8,1.6,0.4,-888888888,-888888888,7.1,0.3,11.1,0.7,6.4,0.8,4.9,3.9,0.5,0.6,2.6,0.8,3.8,0.9,-888888888,-888888888,23.6,1.2,9.7,0.8,8.1,5.7,0.8,-888888888,-888888888,4.9,0.3,4.6,0.8,3.2,0.4,8.0,0.7,-888888888,15.2,0.5,0.9,16.3,1.2,0.4,8.0,2.9,-888888888,1.2,Utah,null,null,null,null,null,null,null,null,null,null,null,null,null,(X),null,null,null,null,null,null,null,null,null,null,null,null,(X),(X),null,null,null,null,null,null,null,null,null,null,null,(X),(X),null,null,null,null,null,null,null,null,null,null,null,null,null,(X),(X),null,null,null,null,null,null,null,null,null,(X),(X),null,null,null,null,null,null,null,null,null,null,(X),null,null,null,null,null,(X),49
0400000US50,322899,4274,127475,4256,57824,3498,70840,3700,31939,2275,34821,2312,6.9,-888888888.0,56.4,1.1,39.2,1.9,59.4,3.2,68.5,2.3,63.5,3.4,83.0,2.6,-888888888,-888888888,0.4,5.3,0.8,2.4,4.9,1.0,5.9,1.3,3.2,1.5,-888888888,-888888888,15.2,0.9,25.2,1.7,12.4,2.0,11.2,4.5,0.8,1.6,2.3,1.0,3.0,1.4,-888888888,-888888888,22.2,2.1,11.4,1.4,4.8,5.3,1.5,-888888888,-888888888,9.6,0.6,8.1,1.9,4.1,0.9,23.5,1.4,-888888888,14.3,0.8,1.6,11.1,1.5,1.0,14.6,5.4,-888888888,2.7,Vermont,null,null,null,null,null,null,null,null,null,null,null,null,null,(X),null,null,null,null,null,null,null,null,null,null,null,null,(X),(X),null,null,null,null,null,null,null,null,null,null,null,(X),(X),null,null,null,null,null,null,null,null,null,null,null,null,null,(X),(X),null,null,null,null,null,null,null,null,null,(X),(X),null,null,null,null,null,null,null,null,null,null,(X),null,null,null,null,null,(X),50
0400000US51,3986665,21243,1683023,18573,694489,13445,902490,13933,330190,10699,376473,9264,10.8,-888888888.0,64.4,0.5,51.3,0.6,67.0,1.0,75.9,0.8,73.8,1.4,81.8,1.2,-888888888,-888888888,0.1,3.9,0.2,1.4,2.8,0.3,4.7,0.6,1.8,0.3,-888888888,-888888888,7.6,0.2,11.9,0.4,5.9,0.5,5.1,3.1,0.2,0.4,1.8,0.5,2.5,0.4,-888888888,-888888888,28.6,0.9,13.4,0.6,9.9,10.4,0.9,-888888888,-888888888,5.0,0.2,4.2,0.4,2.9,0.3,9.9,0.5,-888888888,20.0,0.3,0.6,17.7,1.0,0.2,8.1,3.5,-888888888,0.9,Virginia,null,null,null,null,null,null,null,null,null,null,null,null,null,(X),null,null,null,null,null,null,null,null,null,null,null,null,(X),(X),null,null,null,null,null,null,null,null,null,null,null,(X),(X),null,null,null,null,null,null,null,null,null,null,null,null,null,(X),(X),null,null,null,null,null,null,null,null,null,(X),(X),null,null,null,null,null,null,null,null,null,null,(X),null,null,null,null,null,(X),51
0400000US53,3229431,17677,1244228,15185,564483,13281,743682,14485,304821,10134,372217,10158,9.1,-888888888.0,66.1,0.4,53.4,0.6,65.9,1.2,74.6,0.9,77.5,1.2,82.3,1.1,-888888888,-888888888,0.2,5.1,0.4,2.2,3.8,0.4,3.6,0.5,1.5,0.3,-888888888,-888888888,8.1,0.2,13.2,0.4,6.6,0.6,6.1,3.7,0.3,0.5,1.6,0.4,3.0,0.6,-888888888,-888888888,22.5,0.8,11.1,0.6,9.5,8.7,0.8,-888888888,-888888888,6.1,0.2,5.7,0.8,4.4,0.3,7.9,0.6,-888888888,15.9,0.3,0.6,16.0,0.7,0.3,9.4,4.5,-888888888,0.8,Washington,null,null,null,null,null,null,null,null,null,null,null,null,null,(X),null,null,null,null,null,null,null,null,null,null,null,null,(X),(X),null,null,null,null,null,null,null,null,null,null,null,(X),(X),null,null,null,null,null,null,null,null,null,null,null,null,null,(X),(X),null,null,null,null,null,null,null,null,null,(X),(X),null,null,null,null,null,null,null,null,null,null,(X),null,null,null,null,null,(X),53
0400000US54,752310,9863,232336,6732,142231,5346,183709,6853,90884,4985,103150,5301,7.9,-888888888.0,67.0,0.9,47.5,1.8,66.1,1.9,75.3,1.5,79.8,2.2,86.0,1.7,-888888888,-888888888,0.3,3.3,0.5,0.7,2.9,0.7,2.7,0.8,0.6,0.3,-888888888,-888888888,7.2,0.5,12.7,0.8,8.7,1.4,4.6,2.3,0.3,0.7,2.0,0.7,1.9,0.6,-888888888,-888888888,32.2,1.6,14.0,1.2,8.4,9.1,1.4,-888888888,-888888888,4.6,0.4,4.4,1.2,3.1,0.7,7.1,0.7,-888888888,19.0,0.8,1.7,17.8,1.4,0.6,6.7,2.4,-888888888,1.4,West Virginia,null,null,null,null,null,null,null,null,null,null,null,null,null,(X),null,null,null,null,null,null,null,null,null,null,null,null,(X),(X),null,null,null,null,null,null,null,null,null,null,null,(X),(X),null,null,null,null,null,null,null,null,null,null,null,null,null,(X),(X),null,null,null,null,null,null,null,null,null,(X),(X),null,null,null,null,null,null,null,null,null,null,(X),null,null,null,null,null,(X),54
0400000US55,2873231,15153,972650,11196,492871,9183,676196,11207,243306,6063,488208,7982,8.8,-888888888.0,70.4,0.4,54.0,0.7,67.8,1.0,78.9,0.6,75.6,1.0,91.1,0.5,-888888888,-888888888,0.1,4.2,0.2,1.8,2.3,0.3,5.2,0.7,1.2,0.2,-888888888,-888888888,9.3,0.3,16.3,0.5,9.0,0.7,6.8,2.9,0.2,0.5,2.1,0.3,2.8,0.3,-888888888,-888888888,19.8,0.8,8.7,0.5,5.6,2.5,0.3,-888888888,-888888888,5.2,0.2,5.8,0.5,3.3,0.3,11.5,0.3,-888888888,12.2,0.3,0.5,15.1,0.5,0.3,6.4,2.4,-888888888,1.0,Wisconsin,null,null,null,null,null,null,null,null,null,null,null,null,null,(X),null,null,null,null,null,null,null,null,null,null,null,null,(X),(X),null,null,null,null,null,null,null,null,null,null,null,(X),(X),null,null,null,null,null,null,null,null,null,null,null,null,null,(X),(X),null,null,null,null,null,null,null,null,null,(X),(X),null,null,null,null,null,null,null,null,null,null,(X),null,null,null,null,null,(X),55
0400000US56,295192,4132,100618,4163,54020,3070,61498,3479,46388,3101,32668,2829,9.5,-888888888.0,60.0,1.5,39.3,2.7,55.6,3.8,70.3,2.5,82.4,2.8,79.7,3.0,-888888888,-888888888,0.6,5.0,1.3,1.1,4.1,1.2,3.1,1.4,3.7,1.9,-888888888,-888888888,6.3,0.7,10.4,1.5,6.7,1.8,6.2,3.7,0.9,1.6,1.2,0.8,0.6,0.5,-888888888,-888888888,37.6,3.1,15.3,2.4,7.7,11.1,2.3,-888888888,-888888888,6.6,0.8,7.7,2.2,4.1,1.1,5.6,1.7,-888888888,23.5,1.3,2.3,27.5,2.4,1.5,9.1,4.9,-888888888,1.7,Wyoming,null,null,null,null,null,null,null,null,null,null,null,null,null,(X),null,null,null,null,null,null,null,null,null,null,null,null,(X),(X),null,null,null,null,null,null,null,null,null,null,null,(X),(X),null,null,null,null,null,null,null,null,null,null,null,null,null,(X),(X),null,null,null,null,null,null,null,null,null,(X),(X),null,null,null,null,null,null,null,null,null,null,(X),null,null,null,null,null,(X),56
0400000US72,1065584,11160,342212,10865,226217,6967,285991,10012,101588,5114,109576,5757,8.4,-888888888.0,60.6,0.8,46.4,1.6,56.4,1.8,73.1,1.4,60.6,2.9,80.7,1.9,-888888888,-888888888,0.3,4.0,0.6,1.4,1.7,0.4,2.4,0.7,1.4,0.6,-888888888,-888888888,5.0,0.4,8.3,0.8,4.1,0.8,4.1,2.4,0.5,0.7,2.3,0.8,1.7,0.8,-888888888,-888888888,33.4,1.6,16.7,1.2,11.3,9.6,1.5,-888888888,-888888888,8.8,0.4,7.8,1.2,4.4,0.6,23.4,1.1,-888888888,23.2,0.8,1.6,27.7,1.8,0.7,10.4,6.6,-888888888,2.5,Puerto Rico,null,null,null,null,null,null,null,null,null,null,null,null,null,(X),null,null,null,null,null,null,null,null,null,null,null,null,(X),(X),null,null,null,null,null,null,null,null,null,null,null,(X),(X),null,null,null,null,null,null,null,null,null,null,null,null,null,(X),(X),null,null,null,null,null,null,null,null,null,(X),(X),null,null,null,null,null,null,null,null,null,null,(X),null,null,null,null,null,(X),72
